{
    "code": 200,
    "status": "OK",
    "data": [
        {
            "identifier": "ar.abdulbasitmurattal",
            "language": "ar",
            "name": "\u0639\u0628\u062f \u0627\u0644\u0628\u0627\u0633\u0637 \u0639\u0628\u062f \u0627\u0644\u0635\u0645\u062f \u0627\u0644\u0645\u0631\u062a\u0644",
            "englishName": "Abdul Basit",
            "format": "audio",
            "type": "translation",
            "direction": null
        },
        {
            "identifier": "ar.abdullahbasfar",
            "language": "ar",
            "name": "\u0639\u0628\u062f \u0627\u0644\u0644\u0647 \u0628\u0635\u0641\u0631",
            "englishName": "Abdullah Basfar",
            "format": "audio",
            "type": "versebyverse",
            "direction": null
        },
        {
            "identifier": "ar.abdurrahmaansudais",
            "language": "ar",
            "name": "\u0639\u0628\u062f\u0627\u0644\u0631\u062d\u0645\u0646 \u0627\u0644\u0633\u062f\u064a\u0633",
            "englishName": "Abdurrahmaan As-Sudais",
            "format": "audio",
            "type": "versebyverse",
            "direction": null
        },
        {
            "identifier": "ar.abdulsamad",
            "language": "ar",
            "name": "\u0639\u0628\u062f\u0627\u0644\u0628\u0627\u0633\u0637 \u0639\u0628\u062f\u0627\u0644\u0635\u0645\u062f",
            "englishName": "Abdul Samad",
            "format": "audio",
            "type": "versebyverse",
            "direction": null
        },
        {
            "identifier": "ar.shaatree",
            "language": "ar",
            "name": "\u0623\u0628\u0648 \u0628\u0643\u0631 \u0627\u0644\u0634\u0627\u0637\u0631\u064a",
            "englishName": "Abu Bakr Ash-Shaatree",
            "format": "audio",
            "type": "versebyverse",
            "direction": null
        },
        {
            "identifier": "ar.ahmedajamy",
            "language": "ar",
            "name": "\u0623\u062d\u0645\u062f \u0628\u0646 \u0639\u0644\u064a \u0627\u0644\u0639\u062c\u0645\u064a",
            "englishName": "Ahmed ibn Ali al-Ajamy",
            "format": "audio",
            "type": "versebyverse",
            "direction": null
        },
        {
            "identifier": "ar.alafasy",
            "language": "ar",
            "name": "\u0645\u0634\u0627\u0631\u064a \u0627\u0644\u0639\u0641\u0627\u0633\u064a",
            "englishName": "Alafasy",
            "format": "audio",
            "type": "versebyverse",
            "direction": null
        },
        {
            "identifier": "ar.hanirifai",
            "language": "ar",
            "name": "\u0647\u0627\u0646\u064a \u0627\u0644\u0631\u0641\u0627\u0639\u064a",
            "englishName": "Hani Rifai",
            "format": "audio",
            "type": "versebyverse",
            "direction": null
        },
        {
            "identifier": "ar.husary",
            "language": "ar",
            "name": "\u0645\u062d\u0645\u0648\u062f \u062e\u0644\u064a\u0644 \u0627\u0644\u062d\u0635\u0631\u064a",
            "englishName": "Husary",
            "format": "audio",
            "type": "versebyverse",
            "direction": null
        },
        {
            "identifier": "ar.husarymujawwad",
            "language": "ar",
            "name": "\u0645\u062d\u0645\u0648\u062f \u062e\u0644\u064a\u0644 \u0627\u0644\u062d\u0635\u0631\u064a (\u0627\u0644\u0645\u062c\u0648\u062f)",
            "englishName": "Husary (Mujawwad)",
            "format": "audio",
            "type": "versebyverse",
            "direction": null
        },
        {
            "identifier": "ar.hudhaify",
            "language": "ar",
            "name": "\u0639\u0644\u064a \u0628\u0646 \u0639\u0628\u062f\u0627\u0644\u0631\u062d\u0645\u0646 \u0627\u0644\u062d\u0630\u064a\u0641\u064a",
            "englishName": "Hudhaify",
            "format": "audio",
            "type": "versebyverse",
            "direction": null
        },
        {
            "identifier": "ar.ibrahimakhbar",
            "language": "ar",
            "name": "\u0625\u0628\u0631\u0627\u0647\u064a\u0645 \u0627\u0644\u0623\u062e\u0636\u0631",
            "englishName": "Ibrahim Akhdar",
            "format": "audio",
            "type": "versebyverse",
            "direction": null
        },
        {
            "identifier": "ar.mahermuaiqly",
            "language": "ar",
            "name": "\u0645\u0627\u0647\u0631 \u0627\u0644\u0645\u0639\u064a\u0642\u0644\u064a",
            "englishName": "Maher Al Muaiqly",
            "format": "audio",
            "type": "versebyverse",
            "direction": null
        },
        {
            "identifier": "ar.minshawi",
            "language": "ar",
            "name": "\u0645\u062d\u0645\u062f \u0635\u062f\u064a\u0642 \u0627\u0644\u0645\u0646\u0634\u0627\u0648\u064a",
            "englishName": "Minshawi",
            "format": "audio",
            "type": "translation",
            "direction": null
        },
        {
            "identifier": "ar.minshawimujawwad",
            "language": "ar",
            "name": "\u0645\u062d\u0645\u062f \u0635\u062f\u064a\u0642 \u0627\u0644\u0645\u0646\u0634\u0627\u0648\u064a (\u0627\u0644\u0645\u062c\u0648\u062f)",
            "englishName": "Minshawy (Mujawwad)",
            "format": "audio",
            "type": "translation",
            "direction": null
        },
        {
            "identifier": "ar.muhammadayyoub",
            "language": "ar",
            "name": "\u0645\u062d\u0645\u062f \u0623\u064a\u0648\u0628",
            "englishName": "Muhammad Ayyoub",
            "format": "audio",
            "type": "versebyverse",
            "direction": null
        },
        {
            "identifier": "ar.muhammadjibreel",
            "language": "ar",
            "name": "\u0645\u062d\u0645\u062f \u062c\u0628\u0631\u064a\u0644",
            "englishName": "Muhammad Jibreel",
            "format": "audio",
            "type": "versebyverse",
            "direction": null
        },
        {
            "identifier": "ar.saoodshuraym",
            "language": "ar",
            "name": "\u0633\u0639\u0648\u062f \u0627\u0644\u0634\u0631\u064a\u0645",
            "englishName": "Saood bin Ibraaheem Ash-Shuraym",
            "format": "audio",
            "type": "versebyverse",
            "direction": null
        },
        {
            "identifier": "ar.parhizgar",
            "language": "ar",
            "name": "\u0634\u0647\u0631\u06cc\u0627\u0631 \u067e\u0631\u0647\u06cc\u0632\u06af\u0627\u0631",
            "englishName": "Parhizgar",
            "format": "audio",
            "type": "versebyverse",
            "direction": null
        },
        {
            "identifier": "ar.aymanswoaid",
            "language": "ar",
            "name": "\u0623\u064a\u0645\u0646 \u0633\u0648\u064a\u062f",
            "englishName": "Ayman Sowaid",
            "format": "audio",
            "type": "versebyverse",
            "direction": null
        }
    ]
}